RiskPerformance,ExternalRiskEstimate,MSinceOldestTradeOpen,MSinceMostRecentTradeOpen,AverageMInFile,NumSatisfactoryTrades,NumTrades60Ever2DerogPubRec,NumTrades90Ever2DerogPubRec,PercentTradesNeverDelq,MSinceMostRecentDelq,MaxDelq2PublicRecLast12M,MaxDelqEver,NumTotalTrades,NumTradesOpeninLast12M,PercentInstallTrades,MSinceMostRecentInqexcl7days,NumInqLast6M,NumInqLast6Mexcl7days,NetFractionRevolvingBurden,NetFractionInstallBurden,NumRevolvingTradesWBalance,NumInstallTradesWBalance,NumBank2NatlTradesWHighUtilization,PercentTradesWBalance,percent,DelqEver,DelqLast12M,PercentSatisfactoryTrades,NumTradesWBalance
Bad,62,69,5,24,8,1,1,89,33,7,6,9,3,33,1,2,2,92,,4,2,3,67,0.16,True,False,89.0,6
Bad,72,184,2,70,16,0,0,100,122,7,7,17,1,29,0,3,3,68,66.0,4,2,2,86,0.16,False,False,94.0,14
Bad,82,130,10,64,22,0,0,95,8,6,6,22,1,9,9,0,0,2,52.0,5,2,0,50,0.4901960784313725,True,True,100.0,11
Bad,75,273,0,74,21,1,1,92,11,2,2,26,3,62,0,4,4,3,75.0,3,1,1,67,0.4901960784313725,True,True,81.0,17
Bad,61,163,1,46,22,0,0,96,33,7,6,23,4,35,0,4,4,87,76.0,7,3,4,67,0.16,True,False,96.0,15
Good,58,199,37,83,23,0,0,78,6,6,6,23,0,17,0,0,0,98,2.0,12,2,8,93,0.4901960784313725,True,True,100.0,21
Bad,64,119,10,52,21,1,0,95,9,5,5,22,3,55,35,0,0,68,67.0,4,4,3,90,0.4901960784313725,True,True,95.0,19
Bad,52,195,3,66,20,2,2,75,1,6,2,24,7,29,8,0,0,88,65.0,6,3,3,90,0.4901960784313725,True,True,83.0,21
Bad,64,175,20,115,13,2,0,56,35,7,5,16,0,19,19,0,0,85,74.0,9,1,6,91,0.16,True,False,81.0,14
Bad,81,76,10,49,12,0,0,100,122,7,7,12,1,17,0,0,0,27,,2,1,0,44,0.16,False,False,100.0,5
Bad,66,307,6,125,38,3,1,79,24,7,2,49,2,48,4,1,1,45,75.0,8,3,4,65,0.16,True,False,78.0,31
Bad,78,174,2,98,18,0,0,95,62,7,6,20,2,55,0,1,1,23,57.0,1,4,0,75,0.16,True,False,90.0,15
Bad,68,142,4,61,21,0,0,90,28,7,6,21,4,43,0,6,5,45,100.0,3,2,2,63,0.16,True,False,100.0,13
Good,62,265,11,90,33,0,0,88,4,6,6,33,1,33,35,0,0,35,48.0,6,5,1,50,0.4901960784313725,True,True,100.0,16
Good,89,150,19,69,12,0,0,100,122,7,7,12,0,33,0,0,0,2,55.0,1,2,0,43,0.16,False,False,100.0,5
Bad,66,79,3,31,19,0,0,100,122,7,7,20,1,45,0,5,5,81,68.0,6,4,1,100,0.16,False,False,95.0,20
Bad,78,139,9,74,13,0,0,100,122,7,7,15,1,67,0,1,1,28,,3,1,1,100,0.16,False,False,87.0,15
Good,74,107,4,59,22,1,1,96,71,7,2,23,1,17,3,1,1,23,26.0,2,2,1,44,0.16,True,False,96.0,10
Bad,91,215,31,104,15,0,0,100,122,7,7,16,0,38,0,0,0,0,,0,1,1,25,0.16,False,False,94.0,4
Bad,56,158,2,55,31,0,0,82,2,6,6,33,5,58,0,9,9,0,96.0,1,4,1,78,0.4901960784313725,True,True,94.0,25
Good,73,229,4,56,32,0,0,100,122,7,7,33,5,63,5,1,1,18,69.0,3,12,1,83,0.16,False,False,97.0,27
Bad,73,85,6,38,10,0,0,100,122,7,7,10,2,50,0,1,1,81,,1,1,0,50,0.16,False,False,100.0,5
Bad,69,379,2,105,15,0,0,84,3,6,6,19,3,74,0,2,2,31,100.0,1,2,1,60,0.4901960784313725,True,True,79.0,11
Good,73,266,9,132,21,0,0,96,27,7,6,25,4,26,0,3,3,20,,2,2,0,45,0.16,True,False,84.0,11
Good,70,204,20,114,27,0,0,85,4,6,6,27,0,19,0,0,0,8,,2,1,0,50,0.4901960784313725,True,True,100.0,13
Bad,80,210,1,105,14,0,0,100,122,7,7,15,1,7,0,0,0,35,,4,1,1,50,0.16,False,False,93.0,7
Good,88,140,10,85,9,0,0,100,122,7,7,9,1,0,35,0,0,1,,3,2,0,50,0.16,False,False,100.0,4
Good,67,147,2,62,32,1,1,94,7,3,3,34,4,47,7,0,0,34,94.0,5,4,0,64,0.4901960784313725,True,True,94.0,21
Good,77,375,4,162,22,0,0,100,122,7,7,22,1,36,0,0,0,30,68.0,3,3,1,67,0.16,False,False,100.0,14
Good,63,211,13,76,15,2,2,74,9,4,2,19,0,5,0,7,7,1,,1,2,0,14,0.4901960784313725,True,True,79.0,2
Bad,54,298,5,107,5,7,6,38,2,4,2,13,3,15,0,0,0,44,29.0,3,2,0,83,0.4901960784313725,True,True,38.0,10
Bad,58,54,3,25,26,0,0,100,122,7,7,26,5,35,1,8,8,73,97.0,8,6,5,74,0.16,False,False,100.0,19
Bad,66,172,10,90,44,0,0,100,122,7,7,48,1,38,35,2,1,65,85.0,12,2,8,82,0.16,False,False,92.0,39
Good,92,276,11,99,25,0,0,100,122,7,7,28,1,29,6,0,0,0,,1,1,0,33,0.16,False,False,89.0,9
Good,71,205,17,92,39,0,0,100,122,7,7,41,0,25,7,0,0,47,,8,4,5,57,0.16,False,False,95.0,23
Bad,83,254,9,96,27,1,1,96,72,7,4,28,1,18,0,1,1,10,33.0,6,2,0,60,0.16,True,False,96.0,16
Good,87,85,42,63,7,0,0,100,122,7,7,7,0,29,35,1,1,2,,2,1,0,100,0.16,False,False,100.0,7
Bad,63,240,4,64,20,1,0,86,45,7,5,21,2,10,4,1,1,67,,6,1,3,70,0.16,True,False,95.0,14
Bad,62,159,6,67,14,0,0,86,3,6,6,18,3,36,0,2,2,71,93.0,2,3,1,83,0.4901960784313725,True,True,78.0,14
Good,72,188,4,57,36,0,0,97,34,7,6,36,5,56,0,3,3,6,60.0,2,13,0,65,0.16,True,False,100.0,23
Good,66,357,19,115,16,1,1,76,36,7,6,17,0,35,35,1,1,21,6.0,4,3,0,73,0.16,True,False,94.0,12
Good,66,252,1,121,28,2,2,93,21,7,6,29,1,52,35,5,5,82,,3,2,2,67,0.16,True,False,97.0,19
Good,66,74,15,43,13,0,0,100,122,7,7,14,0,23,35,0,0,68,64.0,5,1,3,75,0.16,False,False,93.0,10
Bad,61,119,7,41,17,3,3,94,13,7,6,19,2,17,0,1,1,34,58.0,5,3,2,67,0.16,True,False,89.0,12
Good,55,316,8,119,22,1,0,78,1,6,5,23,1,26,0,0,0,29,,4,2,1,50,0.4901960784313725,True,True,96.0,11
Good,83,208,10,100,40,0,0,98,62,7,6,40,2,48,0,0,0,13,88.0,4,2,0,43,0.16,True,False,100.0,17
Good,84,352,25,154,14,0,0,100,122,7,7,15,0,36,0,0,0,13,,2,1,1,50,0.16,False,False,93.0,7
Good,55,312,3,72,24,3,1,78,1,5,3,27,6,22,35,1,1,18,71.0,10,2,1,55,0.4901960784313725,True,True,89.0,14
Good,83,283,6,75,26,0,0,100,122,7,7,26,1,50,0,1,1,22,73.0,2,2,0,67,0.16,False,False,100.0,17
Bad,56,58,4,27,30,0,0,97,1,6,6,33,6,15,4,1,1,29,37.0,10,2,2,50,0.4901960784313725,True,True,91.0,16
Good,73,209,11,84,22,1,0,87,29,7,5,23,1,43,0,1,1,6,84.0,2,2,1,31,0.16,True,False,96.0,7
Bad,74,99,8,51,16,0,0,100,122,7,7,16,1,56,0,0,0,15,,5,3,1,89,0.16,False,False,100.0,14
Bad,76,212,14,87,21,0,0,100,122,7,7,21,0,33,35,0,0,40,85.0,7,2,0,90,0.16,False,False,100.0,18
Bad,56,215,1,103,21,1,1,88,1,2,6,24,4,38,35,1,1,44,,6,1,3,78,0.4901960784313725,True,True,88.0,18
Bad,64,185,2,109,15,2,1,78,55,7,2,18,3,33,0,4,4,24,80.0,3,1,0,57,0.16,True,False,83.0,10
Good,65,254,7,103,48,0,0,96,19,7,6,49,4,39,35,0,0,72,77.0,15,7,6,85,0.16,True,False,98.0,41
Good,77,373,7,91,32,0,0,97,56,7,6,32,1,22,0,0,0,26,,8,1,1,56,0.16,True,False,100.0,17
Good,77,126,8,61,25,0,0,92,42,7,6,25,4,12,7,0,0,9,100.0,7,2,0,63,0.16,True,False,100.0,15
Bad,57,164,8,66,34,19,19,94,28,7,2,35,1,34,35,0,0,14,68.0,4,6,0,77,0.16,True,False,97.0,26
Good,83,187,5,73,33,0,0,97,62,7,6,34,4,79,2,1,1,8,86.0,4,4,0,89,0.16,True,False,97.0,30
Good,70,418,6,102,19,0,0,100,122,7,7,19,5,21,0,1,1,44,,7,2,3,77,0.16,False,False,100.0,14
Good,87,441,2,103,22,0,0,100,122,7,7,23,3,48,3,2,2,3,83.0,1,3,0,33,0.16,False,False,96.0,7
Bad,70,457,3,112,10,1,1,90,73,7,6,10,4,40,0,3,3,83,92.0,1,3,1,100,0.16,True,False,100.0,10
Good,85,389,8,97,29,0,0,100,122,7,7,30,2,33,0,1,1,18,76.0,5,1,0,40,0.16,False,False,97.0,12
Bad,74,227,19,105,11,3,2,71,9,7,4,19,0,40,0,0,0,4,76.0,1,2,0,60,0.16,True,False,58.0,11
Bad,77,154,1,47,22,0,0,100,122,7,7,24,2,30,18,0,0,12,36.0,2,2,1,71,0.16,False,False,92.0,17
Bad,85,262,14,101,23,0,0,100,122,7,7,23,0,48,2,1,1,19,,3,1,0,100,0.16,False,False,100.0,23
Bad,52,169,4,87,32,0,0,84,5,6,6,37,4,32,0,3,3,92,,7,2,3,83,0.4901960784313725,True,True,86.0,30
Bad,51,169,5,70,19,0,0,62,2,6,6,21,1,33,0,0,0,87,48.0,5,2,4,64,0.4901960784313725,True,True,90.0,13
Bad,60,73,8,74,10,0,0,50,7,6,6,10,1,30,8,0,0,36,,2,2,1,29,0.4901960784313725,True,True,100.0,2
Bad,65,116,10,37,14,1,1,93,72,7,2,15,1,13,0,2,2,52,,3,1,2,56,0.16,True,False,93.0,8
Good,87,149,26,74,13,0,0,100,122,7,7,17,0,23,4,1,1,0,,0,1,0,50,0.16,False,False,76.0,8
Good,81,159,1,78,21,0,0,92,18,7,6,24,2,38,0,1,1,4,,2,2,0,50,0.16,True,False,88.0,12
Good,88,273,22,79,19,0,0,100,122,7,7,37,0,30,35,0,0,2,19.0,2,2,0,36,0.16,False,False,51.0,13
Bad,69,118,2,42,20,1,0,91,27,7,5,22,7,23,35,4,4,14,,4,1,0,55,0.16,True,False,91.0,12
Good,89,291,64,154,32,0,0,100,122,7,7,35,0,23,1,4,3,1,,2,2,0,57,0.16,False,False,91.0,19
Good,76,230,6,76,22,0,0,82,38,7,6,22,2,23,21,0,0,5,,3,1,1,33,0.16,True,False,100.0,7
Bad,68,145,15,67,18,2,1,90,8,3,3,20,0,85,35,3,3,0,64.0,0,3,1,75,0.4901960784313725,True,True,90.0,15
Good,80,124,10,54,17,1,0,94,69,7,5,18,1,44,0,2,1,28,62.0,2,3,0,63,0.16,True,False,94.0,11
Bad,59,117,10,45,11,1,1,91,3,6,6,11,1,36,0,3,3,105,,4,1,2,83,0.4901960784313725,True,True,100.0,9
Bad,56,197,6,115,16,4,3,74,4,6,2,19,3,32,35,5,5,12,70.0,1,2,0,75,0.4901960784313725,True,True,84.0,14
Bad,85,269,18,145,20,0,0,100,122,7,7,20,0,25,10,0,0,20,,5,1,0,64,0.16,False,False,100.0,12
Good,67,160,4,49,27,0,0,97,48,7,6,29,6,45,35,5,5,30,76.0,5,2,0,70,0.16,True,False,93.0,20
Good,64,240,4,83,33,0,0,94,48,7,6,37,1,58,35,1,1,62,80.0,6,4,2,77,0.16,True,False,89.0,28
Bad,62,144,2,43,22,0,0,100,122,7,7,23,3,35,0,1,1,74,41.0,6,4,3,71,0.16,False,False,96.0,16
Bad,90,214,9,110,20,0,0,100,122,7,7,22,2,9,0,0,0,6,,2,2,0,25,0.16,False,False,91.0,5
Good,75,260,5,101,9,3,1,58,28,7,4,12,2,33,0,1,1,12,99.0,2,2,0,44,0.16,True,False,75.0,5
Good,69,187,5,53,24,0,0,100,122,7,7,24,4,33,14,0,0,51,98.0,6,3,3,60,0.16,False,False,100.0,14
Good,89,490,6,99,18,0,0,100,122,7,7,18,2,39,35,0,0,2,52.0,2,2,0,57,0.16,False,False,100.0,10
Good,66,240,13,87,19,2,1,95,4,5,5,22,0,43,3,2,2,30,33.0,4,3,1,89,0.4901960784313725,True,True,86.0,19
Good,90,235,16,141,13,0,0,100,122,7,7,14,0,21,35,0,0,10,,2,1,0,43,0.16,False,False,93.0,6
Good,75,234,0,73,34,1,0,97,30,7,5,45,6,11,0,2,2,11,88.0,6,2,1,33,0.16,True,False,76.0,14
Good,86,204,10,79,15,0,0,100,122,7,7,15,1,40,0,0,0,0,,0,1,0,25,0.16,False,False,100.0,3
Bad,64,212,2,61,33,1,0,87,11,6,5,39,7,49,35,10,10,0,100.0,1,5,0,50,0.4901960784313725,True,True,85.0,19
Good,75,191,3,71,25,0,0,100,122,7,7,26,4,42,10,0,0,66,86.0,6,2,1,73,0.16,False,False,96.0,18
Bad,64,164,7,70,16,2,1,89,69,7,4,18,1,11,0,4,4,89,,9,1,4,91,0.16,True,False,89.0,16
Bad,70,243,7,80,57,0,0,98,62,7,6,58,2,43,3,2,2,48,87.0,10,4,4,74,0.16,True,False,98.0,42
Bad,62,185,9,52,14,1,0,76,3,6,5,17,1,65,0,5,5,26,70.0,3,4,1,100,0.4901960784313725,True,True,82.0,17
Bad,62,226,4,79,42,0,0,98,76,7,6,42,6,21,0,1,1,50,81.0,13,3,4,80,0.16,True,False,100.0,33
Bad,70,55,0,20,6,0,0,100,122,7,7,11,6,18,0,6,6,28,36.0,3,2,0,45,0.16,False,False,55.0,4
Good,84,160,4,70,18,0,0,100,122,7,7,18,2,39,0,0,0,26,97.0,2,2,0,40,0.16,False,False,100.0,7
Good,70,210,9,65,10,2,2,90,17,7,6,10,1,40,0,0,0,40,48.0,3,3,1,86,0.16,True,False,100.0,8
Good,64,325,15,113,37,1,1,98,46,7,6,37,0,28,0,1,1,21,32.0,3,2,1,31,0.16,True,False,100.0,11
Good,85,320,17,104,18,0,0,94,46,7,6,46,0,17,0,0,0,3,75.0,1,2,0,27,0.16,True,False,39.0,12
Bad,86,317,17,95,12,0,0,92,31,7,6,13,0,0,0,0,0,7,,3,2,0,80,0.16,True,False,92.0,10
Bad,70,73,1,33,8,0,0,100,122,7,7,9,2,0,0,2,2,67,,5,2,2,83,0.16,False,False,89.0,7
Good,60,131,6,50,31,0,0,100,122,7,7,31,2,35,10,0,0,75,54.0,14,5,8,95,0.16,False,False,100.0,29
Good,63,294,16,146,11,4,1,59,8,6,4,17,0,18,0,0,0,34,,7,1,1,67,0.4901960784313725,True,True,65.0,11
Good,86,187,14,99,23,0,0,100,122,7,7,46,0,13,8,0,0,2,17.0,2,2,0,80,0.16,False,False,50.0,36
Good,82,153,5,46,4,0,0,100,122,7,7,4,2,50,0,0,0,16,,1,1,0,100,0.16,False,False,100.0,4
Good,87,387,13,168,16,0,0,100,122,7,7,16,0,38,0,0,0,1,,2,1,0,38,0.16,False,False,100.0,6
Good,71,164,13,81,28,0,0,81,6,6,6,32,0,63,1,1,1,4,87.0,5,2,0,78,0.4901960784313725,True,True,88.0,24
Bad,72,184,4,76,31,0,0,100,122,7,7,33,3,27,35,1,1,22,41.0,5,3,1,53,0.16,False,False,94.0,17
Bad,64,92,3,35,21,2,2,91,33,7,6,24,5,23,0,1,1,9,58.0,3,4,0,53,0.16,True,False,88.0,12
Good,72,156,2,53,16,2,0,89,50,7,5,24,1,37,35,0,0,29,50.0,2,2,1,44,0.16,True,False,67.0,10
Bad,68,74,3,32,14,1,1,93,30,7,3,15,4,40,0,0,0,58,32.0,2,5,1,64,0.16,True,False,93.0,9
Good,86,324,11,132,8,0,0,100,122,7,7,8,1,38,35,0,0,39,,1,2,0,33,0.16,False,False,100.0,2
Good,84,219,18,61,10,0,0,100,122,7,7,10,0,10,0,0,0,13,,6,1,0,78,0.16,False,False,100.0,7
Good,88,302,22,93,14,0,0,100,122,7,7,16,0,7,4,1,1,2,,4,2,0,67,0.16,False,False,88.0,10
Bad,63,88,7,56,5,2,2,83,53,7,2,6,1,50,0,2,2,97,,2,1,1,75,0.16,True,False,83.0,4
Bad,72,149,14,52,22,1,1,95,19,7,6,23,0,68,0,0,0,28,91.0,5,4,0,100,0.16,True,False,96.0,23
Good,79,196,3,50,13,0,0,100,122,7,7,13,3,46,0,0,0,48,,2,1,2,60,0.16,False,False,100.0,7
Good,77,213,4,96,45,0,0,96,33,7,6,47,3,23,0,2,2,11,,4,2,0,31,0.16,True,False,96.0,14
Bad,71,97,9,59,20,0,0,100,122,7,7,20,1,65,0,0,0,84,77.0,3,6,3,75,0.16,False,False,100.0,15
Good,76,171,28,66,6,0,0,100,122,7,7,6,0,33,0,1,1,59,56.0,2,1,1,75,0.16,False,False,100.0,4
Good,67,143,2,49,11,0,0,83,7,6,6,12,2,25,0,5,5,53,76.0,2,1,1,43,0.4901960784313725,True,True,92.0,5
Bad,86,169,6,82,5,0,0,100,122,7,7,5,1,60,0,1,1,24,75.0,1,3,0,100,0.16,False,False,100.0,5
Good,80,208,2,94,17,0,0,100,122,7,7,19,2,37,0,1,1,49,32.0,4,2,1,100,0.16,False,False,89.0,19
Good,71,196,8,76,10,2,1,91,54,7,5,11,1,36,3,2,2,57,,3,3,0,86,0.16,True,False,91.0,9
Bad,57,257,7,81,11,5,3,40,7,3,3,15,1,40,0,1,1,11,,3,1,0,57,0.4901960784313725,True,True,73.0,8
Bad,55,137,7,67,13,1,1,79,1,2,2,14,1,21,0,9,8,26,89.0,2,2,0,71,0.4901960784313725,True,True,93.0,9
Good,86,142,2,75,18,0,0,100,122,7,7,19,1,37,10,0,0,2,,3,1,0,57,0.16,False,False,95.0,10
Bad,81,261,4,67,22,0,0,100,122,7,7,24,2,33,0,1,1,29,68.0,3,3,1,50,0.16,False,False,92.0,12
Bad,79,298,8,87,30,0,0,90,18,7,6,34,2,29,7,0,0,14,18.0,5,2,0,64,0.16,True,False,88.0,21
Good,63,142,3,58,9,4,4,75,16,7,2,12,2,42,12,0,0,0,99.0,2,2,0,100,0.16,True,False,75.0,12
Good,90,210,19,95,24,0,0,100,122,7,7,25,0,21,17,0,0,4,36.0,4,2,0,38,0.16,False,False,96.0,9
Bad,68,95,4,42,21,0,0,100,122,7,7,22,2,14,0,2,2,65,13.0,3,2,1,83,0.16,False,False,95.0,18
Bad,72,132,8,66,21,0,0,95,17,7,6,22,1,27,0,0,0,39,83.0,7,3,0,83,0.16,True,False,95.0,18
Good,87,172,14,72,13,0,0,100,122,7,7,13,0,46,16,0,0,0,82.0,0,2,0,40,0.16,False,False,100.0,5
Bad,70,166,7,86,19,0,0,95,20,7,6,20,1,40,0,0,0,59,79.0,5,3,1,73,0.16,True,False,95.0,14
Bad,63,44,14,30,5,0,0,80,9,6,6,5,0,80,0,9,9,68,85.0,1,1,0,100,0.4901960784313725,True,True,100.0,5
Good,80,195,10,67,24,0,0,100,122,7,7,25,1,25,22,0,0,36,27.0,3,2,0,83,0.16,False,False,96.0,20
Bad,65,97,2,50,26,2,1,86,4,5,5,28,2,61,35,1,1,2,47.0,1,6,0,78,0.4901960784313725,True,True,93.0,21
Good,85,346,3,68,35,0,0,97,62,7,6,39,7,36,0,3,3,1,64.0,1,3,0,25,0.16,True,False,90.0,9
Good,65,170,7,67,12,1,0,60,38,7,5,15,2,40,7,0,0,71,,3,2,2,71,0.16,True,False,80.0,10
Good,82,159,3,60,30,0,0,100,122,7,7,30,4,30,6,0,0,7,35.0,4,3,0,78,0.16,False,False,100.0,23
Bad,59,75,4,43,22,0,0,96,18,7,6,23,2,30,0,7,7,59,82.0,14,4,2,90,0.16,True,False,96.0,20
Good,78,130,4,64,22,0,0,100,122,7,7,22,1,18,35,5,5,10,,3,2,1,43,0.16,False,False,100.0,9
Good,86,307,24,131,14,0,0,100,122,7,7,15,0,0,0,0,0,10,,2,2,0,29,0.16,False,False,93.0,4
Good,66,147,4,68,37,5,4,90,73,7,2,42,3,43,1,1,1,65,78.0,10,3,2,87,0.16,True,False,88.0,36
Bad,62,146,14,61,10,2,2,82,18,7,6,12,0,55,0,2,2,50,,4,1,2,100,0.16,True,False,83.0,12
Bad,75,224,4,63,18,1,0,84,10,6,5,19,5,26,0,0,0,15,,4,1,1,56,0.4901960784313725,True,True,95.0,10
Good,87,172,11,72,19,0,0,100,122,7,7,19,1,32,16,0,0,0,25.0,1,2,0,27,0.16,False,False,100.0,5
Good,79,128,4,49,52,0,0,100,122,7,7,54,5,72,2,5,5,9,74.0,2,12,0,74,0.16,False,False,96.0,39
Bad,59,207,6,68,16,0,0,82,2,6,6,17,2,29,0,2,2,32,,5,2,2,64,0.4901960784313725,True,True,94.0,10
Bad,63,176,16,80,23,1,1,76,6,2,2,25,0,64,0,0,0,57,48.0,3,4,1,88,0.4901960784313725,True,True,92.0,22
Bad,83,210,3,74,24,0,0,100,122,7,7,24,3,29,0,3,3,11,87.0,2,2,0,40,0.16,False,False,100.0,9
Bad,64,242,18,124,16,2,0,47,2,6,5,19,0,74,0,4,4,27,,2,3,0,100,0.4901960784313725,True,True,84.0,19
Good,82,144,9,61,24,1,0,96,49,7,5,25,1,24,0,1,1,5,47.0,4,2,0,46,0.16,True,False,96.0,11
Good,73,170,8,61,27,2,1,90,17,7,3,29,1,17,0,0,0,21,,4,1,0,33,0.16,True,False,93.0,9
Good,83,306,2,92,30,0,0,100,122,7,7,32,3,22,0,0,0,18,,5,1,1,43,0.16,False,False,94.0,13
Good,82,254,12,84,29,0,0,97,32,7,6,29,0,34,0,0,0,7,55.0,3,3,0,58,0.16,True,False,100.0,16
Bad,64,91,4,55,19,1,1,90,0,2,2,20,2,50,0,2,2,24,81.0,6,3,1,82,0.4901960784313725,True,True,95.0,16
Bad,64,258,4,123,10,1,0,64,5,6,5,11,2,9,0,2,2,36,,4,2,1,50,0.4901960784313725,True,True,91.0,5
Good,71,176,14,79,29,0,0,97,11,7,6,33,0,14,0,2,2,15,,3,1,2,40,0.16,True,False,88.0,13
Good,66,437,4,113,27,9,9,96,51,2,6,33,2,11,8,0,0,17,85.0,3,1,0,31,0.4901960784313725,True,True,82.0,10
Good,76,280,12,77,25,0,0,100,122,7,7,25,0,40,0,0,0,17,42.0,2,4,1,50,0.16,False,False,100.0,12
Bad,60,45,1,18,13,0,0,100,122,7,7,15,4,40,1,1,1,71,65.0,5,2,1,88,0.16,False,False,87.0,13
Good,83,127,4,60,18,0,0,100,122,7,7,18,5,44,3,1,1,8,81.0,1,3,1,83,0.16,False,False,100.0,14
Good,64,150,8,48,23,0,0,96,23,7,6,23,2,61,0,2,2,65,96.0,2,6,1,73,0.16,True,False,100.0,16
Good,79,140,15,70,24,1,0,96,18,7,5,25,0,32,0,3,1,0,74.0,0,2,0,22,0.16,True,False,96.0,5
Good,60,261,2,121,10,1,0,46,41,7,5,13,1,38,2,1,1,4,101.0,3,2,0,100,0.16,True,False,77.0,13
Good,75,116,2,61,41,0,0,100,122,7,7,42,1,17,0,2,1,34,,2,2,1,22,0.16,False,False,98.0,9
Good,77,143,11,74,21,0,0,100,122,7,7,22,1,23,0,1,1,13,15.0,5,2,1,80,0.16,False,False,95.0,17
Bad,66,176,7,83,17,0,0,94,8,6,6,17,1,35,35,0,0,64,,2,1,2,57,0.4901960784313725,True,True,100.0,9
Good,89,315,13,90,13,0,0,100,122,7,7,13,0,15,0,0,0,6,85.0,1,1,0,33,0.16,False,False,100.0,4
Bad,58,206,3,81,32,2,0,91,35,7,5,34,1,50,1,2,2,54,85.0,4,2,1,64,0.16,True,False,94.0,21
Good,88,312,11,109,17,0,0,100,122,7,7,17,2,53,0,2,2,5,,2,2,0,67,0.16,False,False,100.0,11
Good,82,252,51,191,13,0,0,77,21,7,6,13,0,8,35,0,0,4,,1,1,0,38,0.16,True,False,100.0,4
Bad,80,224,2,67,39,0,0,95,14,7,6,40,2,15,0,2,2,2,37.0,4,3,0,39,0.16,True,False,98.0,15
Bad,72,177,21,75,15,1,0,94,13,7,5,16,0,38,0,0,0,30,,5,1,1,86,0.16,True,False,94.0,13
Bad,83,282,3,65,22,0,0,95,17,7,6,22,3,55,0,1,1,0,71.0,0,4,0,57,0.16,True,False,100.0,12
Good,85,216,6,66,20,0,0,100,122,7,7,20,2,45,2,1,1,4,75.0,3,2,1,45,0.16,False,False,100.0,9
Bad,65,187,6,86,31,0,0,94,17,7,6,32,1,34,0,1,1,58,77.0,10,4,4,93,0.16,True,False,97.0,29
Bad,74,158,6,73,14,0,0,93,9,6,6,14,1,64,0,0,0,29,28.0,2,3,0,83,0.4901960784313725,True,True,100.0,11
Good,76,221,3,75,30,0,0,100,122,7,7,30,3,10,9,0,0,22,,9,2,3,47,0.16,False,False,100.0,14
Good,75,162,12,88,16,1,1,83,7,6,3,18,0,33,11,0,0,13,45.0,3,3,0,60,0.4901960784313725,True,True,89.0,10
Bad,74,455,4,194,20,0,0,95,43,7,6,20,2,25,6,0,0,43,96.0,7,3,1,71,0.16,True,False,100.0,14
Good,77,496,39,177,17,0,0,95,8,6,6,20,0,65,3,2,1,4,,2,3,0,50,0.4901960784313725,True,True,85.0,10
Bad,68,164,12,78,48,1,1,94,6,6,6,50,0,29,0,2,2,67,56.0,4,10,2,74,0.4901960784313725,True,True,96.0,37
Bad,66,136,6,62,55,1,1,98,14,7,2,57,4,23,0,1,1,41,60.0,9,5,4,56,0.16,True,False,96.0,31
Good,84,337,1,84,36,0,0,100,122,7,7,44,3,16,0,2,2,3,100.0,6,2,0,53,0.16,False,False,82.0,23
Bad,56,182,26,66,20,2,2,80,3,6,6,21,0,25,0,0,0,42,,11,1,3,92,0.4901960784313725,True,True,95.0,19
Good,83,181,2,150,5,0,0,100,122,7,7,10,1,17,35,1,1,28,99.0,1,1,1,100,0.16,False,False,50.0,10
Bad,75,278,3,93,17,0,0,100,122,7,7,17,4,47,2,2,2,43,,3,2,1,100,0.16,False,False,100.0,17
Good,88,300,12,110,19,0,0,100,122,7,7,19,0,42,11,0,0,7,,2,1,0,50,0.16,False,False,100.0,9
Good,72,133,10,63,17,0,0,100,122,7,7,17,1,24,0,2,2,52,,3,1,2,83,0.16,False,False,100.0,14
Bad,78,234,11,115,15,0,0,93,62,7,6,15,1,33,0,0,0,76,57.0,3,2,1,63,0.16,True,False,100.0,9
Bad,58,122,5,52,12,2,1,85,14,2,5,13,2,46,35,1,1,72,73.0,5,4,2,100,0.4901960784313725,True,True,92.0,13
Good,81,419,11,240,13,0,0,100,122,7,7,13,1,8,11,0,0,55,,3,2,1,50,0.16,False,False,100.0,6
Good,78,98,12,40,10,0,0,90,35,7,6,10,0,10,0,3,2,0,,0,2,0,0,0.16,True,False,100.0,0
Bad,83,92,2,41,18,0,0,100,122,7,7,19,7,32,35,0,0,13,92.0,7,2,0,69,0.16,False,False,95.0,13
Bad,63,282,4,71,29,2,2,88,1,6,2,32,4,69,0,1,1,4,81.0,5,4,0,82,0.4901960784313725,True,True,91.0,26
Good,77,184,3,116,19,0,0,100,122,7,7,19,2,16,18,0,0,34,,10,1,1,85,0.16,False,False,100.0,16
Bad,61,175,15,74,11,1,1,82,10,6,6,13,0,27,35,1,0,71,77.0,3,1,2,80,0.4901960784313725,True,True,85.0,10
Bad,79,210,7,96,24,0,0,92,6,6,6,24,1,21,0,2,2,18,45.0,4,3,0,58,0.4901960784313725,True,True,100.0,13
Bad,72,196,6,93,39,1,0,95,37,7,5,41,3,29,0,0,0,34,70.0,8,3,2,55,0.16,True,False,95.0,22
Good,75,187,6,70,32,0,0,100,122,7,7,32,5,28,0,0,0,20,81.0,6,3,1,47,0.16,False,False,100.0,15
Good,77,271,4,120,44,0,0,100,122,7,7,50,2,35,5,0,0,36,98.0,6,2,2,53,0.16,False,False,88.0,26
Bad,78,312,29,176,6,1,0,86,62,7,5,7,0,14,0,0,0,37,,1,2,0,50,0.16,True,False,86.0,3
Good,87,405,19,124,25,0,0,100,122,7,7,25,0,20,0,0,0,9,,4,1,1,63,0.16,False,False,100.0,15
Bad,67,196,8,56,21,0,0,81,4,6,6,21,2,24,35,0,0,13,,6,2,0,53,0.4901960784313725,True,True,100.0,11
Bad,73,46,1,21,7,0,0,100,122,7,7,8,2,50,35,1,1,17,77.0,2,2,0,83,0.16,False,False,88.0,6
Good,84,339,3,115,27,0,0,100,122,7,7,27,1,22,22,0,0,11,,2,1,0,23,0.16,False,False,100.0,6
Bad,68,207,2,86,30,0,0,94,2,6,6,57,3,16,35,2,2,19,51.0,3,2,0,36,0.4901960784313725,True,True,53.0,20
Good,57,151,22,102,4,6,6,60,80,7,2,10,0,100,0,1,1,28,,3,1,1,100,0.16,True,False,40.0,10
Bad,61,128,6,76,12,3,2,67,29,7,3,18,1,56,0,0,0,99,43.0,3,4,1,100,0.16,True,False,67.0,18
Bad,86,272,7,150,17,1,0,94,81,7,5,18,1,11,6,0,0,7,,4,1,0,42,0.16,True,False,94.0,7
Bad,64,201,2,42,20,1,1,90,6,6,6,39,1,14,1,4,4,19,,7,2,2,56,0.4901960784313725,True,True,51.0,21
Good,86,243,5,87,16,0,0,100,122,7,7,16,4,44,0,1,1,9,100.0,2,2,0,57,0.16,False,False,100.0,9
Good,79,125,20,64,11,0,0,100,122,7,7,12,0,33,0,1,1,22,,3,1,0,80,0.16,False,False,92.0,9
Good,82,300,32,117,22,0,0,100,122,7,7,23,0,22,0,1,1,41,43.0,3,2,1,63,0.16,False,False,96.0,14
Good,67,85,6,35,16,0,0,100,122,7,7,16,4,19,0,2,2,78,96.0,5,2,3,78,0.16,False,False,100.0,12
Bad,75,160,2,66,36,1,0,95,16,7,5,38,1,18,0,4,4,19,78.0,4,2,1,32,0.16,True,False,95.0,12
Good,65,247,5,87,50,0,0,96,3,6,6,52,3,16,4,1,1,11,22.0,10,2,1,55,0.4901960784313725,True,True,96.0,28
Bad,89,323,19,118,15,0,0,100,122,7,7,15,0,40,10,1,0,0,,1,3,0,50,0.16,False,False,100.0,7
Bad,90,300,15,109,17,0,0,100,122,7,7,18,0,29,35,0,0,8,,2,1,0,60,0.16,False,False,94.0,10
Good,84,195,10,75,29,0,0,100,122,7,7,30,1,7,0,1,1,5,96.0,2,2,0,36,0.16,False,False,97.0,10
Good,67,181,6,62,27,0,0,96,26,7,6,27,4,26,0,2,2,34,,3,1,2,33,0.16,True,False,100.0,8
Bad,70,373,4,101,23,0,0,96,7,6,6,25,4,52,0,5,5,49,100.0,2,1,0,75,0.4901960784313725,True,True,92.0,18
Bad,81,156,8,71,23,0,0,96,18,7,6,24,2,67,3,1,1,11,91.0,2,2,1,67,0.16,True,False,96.0,16
Good,82,165,3,61,50,0,0,100,122,7,7,51,4,47,35,3,2,18,62.0,3,9,0,75,0.16,False,False,98.0,38
Bad,62,229,10,45,22,0,0,87,6,6,6,43,2,35,10,0,0,43,,4,2,1,50,0.4901960784313725,True,True,51.0,21
Bad,70,155,4,53,17,1,1,83,23,7,4,36,1,44,35,3,3,43,78.0,4,4,1,80,0.16,True,False,47.0,28
Good,84,128,3,48,23,0,0,100,122,7,7,23,3,30,0,1,1,14,99.0,4,3,0,64,0.16,False,False,100.0,14
Bad,57,469,7,117,31,0,0,84,2,6,6,34,1,38,0,0,0,33,65.0,7,3,3,73,0.4901960784313725,True,True,91.0,24
Bad,66,208,3,83,24,0,0,92,4,6,6,25,3,32,5,0,0,44,,6,1,0,70,0.4901960784313725,True,True,96.0,17
Bad,61,157,2,53,24,0,0,84,1,6,6,25,4,36,0,0,0,41,98.0,1,4,1,55,0.4901960784313725,True,True,96.0,13
Bad,76,325,6,79,20,0,0,95,11,6,6,20,1,45,0,3,2,3,64.0,2,4,0,80,0.4901960784313725,True,True,100.0,16
Good,81,325,9,117,20,1,0,95,35,7,5,21,3,52,10,0,0,3,31.0,2,2,0,63,0.16,True,False,95.0,13
Bad,70,172,19,85,29,0,0,100,122,7,7,31,0,16,0,1,1,65,,9,1,3,77,0.16,False,False,94.0,23
Good,86,235,7,111,20,0,0,100,122,7,7,20,1,25,0,0,0,12,70.0,7,2,0,90,0.16,False,False,100.0,18
Good,71,245,25,122,11,0,0,91,7,6,6,11,0,45,0,0,0,28,,3,1,1,100,0.4901960784313725,True,True,100.0,11
Bad,71,208,3,62,28,1,1,97,40,7,2,29,6,34,0,1,1,27,97.0,4,3,0,50,0.16,True,False,97.0,14
Good,70,126,5,49,49,0,0,100,122,7,7,49,10,29,1,2,2,46,78.0,6,3,2,56,0.16,False,False,100.0,27
Bad,54,253,6,94,59,2,0,71,3,5,2,66,5,76,0,0,0,45,55.0,3,2,2,71,0.4901960784313725,True,True,89.0,46
Good,79,272,19,102,24,0,0,100,122,7,7,24,0,13,7,0,0,34,,4,1,1,42,0.16,False,False,100.0,10
Bad,50,54,4,19,16,0,0,94,4,6,6,17,7,29,0,0,0,89,42.0,4,2,3,75,0.4901960784313725,True,True,94.0,12
Bad,70,117,3,65,29,0,0,100,122,7,7,29,4,34,0,0,0,69,94.0,8,3,5,71,0.16,False,False,100.0,20
Bad,63,186,3,69,24,2,2,73,13,7,2,30,2,50,0,3,3,8,76.0,2,3,1,63,0.16,True,False,80.0,18
Good,88,242,21,97,31,0,0,100,122,7,7,38,0,23,3,1,1,1,39.0,4,3,0,33,0.16,False,False,82.0,12
Bad,62,295,7,124,55,0,0,95,8,6,6,57,2,39,5,0,0,32,48.0,6,4,2,57,0.4901960784313725,True,True,96.0,32
Good,88,188,13,82,20,0,0,100,122,7,7,20,0,40,0,0,0,17,82.0,2,2,0,50,0.16,False,False,100.0,10
Good,56,166,8,72,18,1,0,77,3,6,5,22,2,32,5,2,2,82,28.0,5,2,3,88,0.4901960784313725,True,True,82.0,19
Bad,70,136,20,68,17,0,0,82,18,7,6,17,0,18,0,0,0,54,31.0,6,2,2,80,0.16,True,False,100.0,13
Bad,80,226,2,66,35,0,0,100,122,7,7,36,2,47,0,0,0,2,77.0,5,7,0,62,0.16,False,False,97.0,22
Bad,65,166,6,78,16,0,0,78,13,7,6,18,1,56,0,0,0,51,3.0,3,2,1,83,0.16,True,False,89.0,14
Bad,63,243,1,80,13,1,0,75,4,6,5,16,3,50,0,2,2,14,,6,1,0,78,0.4901960784313725,True,True,81.0,12
Bad,66,133,6,77,23,0,0,100,122,7,7,26,2,42,0,3,3,105,94.0,6,2,6,100,0.16,False,False,88.0,26
Bad,85,324,4,106,22,0,0,100,122,7,7,23,3,26,3,2,2,6,,3,2,0,38,0.16,False,False,96.0,8
Good,68,295,3,107,20,0,0,90,2,6,6,21,1,24,0,1,1,32,,4,1,2,56,0.4901960784313725,True,True,95.0,11
Good,81,274,1,87,36,0,0,100,122,7,7,37,2,27,0,3,3,3,87.0,2,4,0,43,0.16,False,False,97.0,15
Good,82,193,14,74,13,0,0,100,122,7,7,13,0,38,0,0,0,21,60.0,3,2,2,63,0.16,False,False,100.0,8
Bad,70,74,9,47,16,0,0,100,122,7,7,16,1,50,1,4,4,44,73.0,4,2,2,67,0.16,False,False,100.0,10
Good,65,259,4,121,4,2,0,29,39,7,5,7,2,29,0,1,1,100,98.0,1,1,1,100,0.16,True,False,57.0,7
Good,86,241,4,79,25,0,0,100,122,7,7,25,2,16,0,2,2,2,,2,2,0,22,0.16,False,False,100.0,5
Good,82,118,2,48,15,0,0,100,122,7,7,18,2,24,2,2,2,0,,0,1,0,33,0.16,False,False,83.0,5
Bad,70,68,2,41,6,0,0,100,122,7,7,7,1,57,0,0,0,91,17.0,2,2,1,100,0.16,False,False,86.0,7
Good,83,287,6,77,24,0,0,96,47,7,6,24,2,21,0,1,1,2,73.0,2,2,0,25,0.16,True,False,100.0,6
Bad,69,190,8,61,23,0,0,96,1,6,6,23,2,30,0,0,0,41,70.0,6,3,1,75,0.4901960784313725,True,True,100.0,17
Good,80,290,5,96,14,0,0,100,122,7,7,43,2,21,35,1,1,29,,5,2,1,58,0.16,False,False,33.0,24
Bad,80,182,5,44,18,1,1,95,58,7,2,19,4,32,5,0,0,6,80.0,2,3,0,56,0.16,True,False,95.0,10
Good,85,312,11,85,32,0,0,100,122,7,7,32,1,25,35,1,1,0,,3,1,0,24,0.16,False,False,100.0,7
Good,85,386,6,189,26,0,0,100,122,7,7,28,2,15,7,0,0,12,47.0,3,1,0,24,0.16,False,False,93.0,6
Good,81,147,11,90,9,1,0,90,42,7,5,10,1,10,1,2,2,0,,2,2,0,29,0.16,True,False,90.0,2
Bad,68,115,6,47,35,0,0,94,6,6,6,36,5,47,4,1,1,25,49.0,7,8,0,75,0.4901960784313725,True,True,97.0,27
Bad,66,204,25,94,6,1,1,86,62,7,6,8,0,86,0,0,0,24,,1,1,1,100,0.16,True,False,75.0,8
Good,64,223,3,77,21,0,0,100,122,7,7,21,1,10,0,6,6,93,,6,1,3,100,0.16,False,False,100.0,21
Good,77,127,6,54,27,0,0,100,122,7,7,27,1,41,0,0,0,33,34.0,4,8,1,63,0.16,False,False,100.0,17
Good,86,400,9,107,43,0,0,100,122,7,7,43,1,33,13,0,0,5,84.0,3,2,0,38,0.16,False,False,100.0,16
Bad,64,204,14,118,17,0,0,78,1,6,6,18,0,56,0,0,0,48,51.0,6,1,0,88,0.4901960784313725,True,True,94.0,15
Bad,65,180,2,81,7,2,0,73,15,7,5,11,2,18,0,0,0,81,,2,1,1,100,0.16,True,False,64.0,11
Bad,64,195,5,52,30,0,0,100,122,7,7,30,5,33,0,4,3,75,,5,2,2,50,0.16,False,False,100.0,15
Good,79,102,8,45,21,0,0,100,122,7,7,21,1,43,0,0,0,26,,1,2,0,43,0.16,False,False,100.0,9
Good,83,193,9,94,24,0,0,100,122,7,7,24,1,42,35,0,0,34,47.0,2,5,0,80,0.16,False,False,100.0,19
Bad,73,246,1,79,26,0,0,100,122,7,7,29,6,26,0,1,1,50,,4,2,4,50,0.16,False,False,90.0,14
Bad,75,102,3,50,15,0,0,100,122,7,7,16,3,27,0,3,3,41,98.0,4,2,1,86,0.16,False,False,94.0,13
Bad,61,272,1,70,8,1,1,78,20,7,6,10,4,22,0,9,9,22,65.0,3,2,0,63,0.16,True,False,80.0,6
Bad,56,56,1,27,16,0,0,100,122,7,7,17,4,12,35,0,0,74,36.0,9,2,5,80,0.16,False,False,94.0,13
Bad,69,306,8,48,21,0,0,91,18,7,6,37,1,27,35,1,1,38,77.0,5,3,2,50,0.16,True,False,57.0,18
Good,86,252,1,78,7,0,0,100,122,7,7,10,3,30,4,3,3,29,,1,2,0,50,0.16,False,False,70.0,5
Good,74,121,5,66,21,0,0,95,32,7,6,21,1,48,9,0,0,58,90.0,2,4,1,86,0.16,True,False,100.0,18
Bad,73,176,15,47,14,0,0,100,122,7,7,14,0,7,35,0,0,62,,7,2,4,100,0.16,False,False,100.0,14
Good,90,100,57,98,7,0,0,100,122,7,7,18,0,0,0,0,0,9,,2,2,0,50,0.16,False,False,39.0,9
Bad,59,179,11,40,28,0,0,100,122,7,7,28,3,11,0,1,1,62,65.0,8,1,4,75,0.16,False,False,100.0,21
Good,58,421,1,142,24,0,0,96,12,7,6,25,1,20,0,3,3,78,101.0,9,4,7,87,0.16,True,False,96.0,21
Bad,67,70,1,43,3,0,0,100,122,7,7,4,1,50,0,8,8,100,,1,1,1,100,0.16,False,False,75.0,4
Good,74,89,5,49,23,0,0,96,42,7,6,23,2,43,5,0,0,13,83.0,3,4,1,64,0.16,True,False,100.0,14
Bad,72,213,1,68,6,1,1,88,7,3,2,8,1,50,0,2,2,0,83.0,0,2,0,40,0.4901960784313725,True,True,75.0,3
Bad,58,538,15,114,19,4,4,65,7,6,2,23,0,48,0,1,1,58,91.0,4,3,1,88,0.4901960784313725,True,True,83.0,20
Good,76,110,12,62,32,0,0,100,122,7,7,32,0,53,0,0,0,59,87.0,5,5,2,83,0.16,False,False,100.0,26
Bad,60,439,12,185,17,0,0,74,11,6,6,19,0,21,0,2,2,80,77.0,6,1,4,80,0.4901960784313725,True,True,89.0,15
Good,79,83,2,39,28,0,0,100,122,7,7,31,4,17,0,3,3,6,89.0,3,3,0,46,0.16,False,False,90.0,14
Bad,71,243,8,84,15,0,0,94,62,7,6,16,1,25,35,1,1,56,,5,1,3,86,0.16,True,False,94.0,13
Bad,63,20,3,10,15,0,0,100,122,7,7,15,11,13,0,7,6,18,91.0,4,2,1,40,0.16,False,False,100.0,6
Bad,56,246,7,83,18,1,1,77,3,3,3,23,1,36,35,0,0,49,94.0,3,1,1,80,0.4901960784313725,True,True,78.0,18
Bad,58,375,72,137,7,4,3,30,2,2,2,11,0,10,0,0,0,44,,2,2,1,50,0.4901960784313725,True,True,64.0,5
Bad,61,203,10,57,3,0,0,80,12,7,6,5,1,0,35,0,0,104,,3,2,1,100,0.16,True,False,60.0,5
Good,74,211,8,74,40,1,1,95,47,7,3,45,9,60,8,0,0,15,109.0,1,9,0,83,0.16,True,False,89.0,37
Bad,78,161,6,70,18,0,0,90,14,7,6,20,1,30,0,0,0,1,67.0,3,3,0,64,0.16,True,False,90.0,12
Bad,68,104,5,44,22,2,2,92,11,6,2,24,5,21,0,1,1,36,,5,1,1,54,0.4901960784313725,True,True,92.0,12
Bad,63,94,1,28,17,0,0,100,122,7,7,25,2,56,1,5,5,82,70.0,6,2,2,100,0.16,False,False,68.0,25
Bad,91,296,24,127,9,0,0,100,122,7,7,9,0,22,0,0,0,0,,0,2,0,20,0.16,False,False,100.0,1
Bad,74,565,4,148,24,0,0,96,62,7,6,24,2,13,35,0,0,34,90.0,6,1,1,58,0.16,True,False,100.0,13
Good,59,320,5,115,13,1,1,73,1,2,2,15,1,20,0,0,0,16,35.0,6,2,0,80,0.4901960784313725,True,True,87.0,12
Good,77,79,9,47,12,1,1,92,12,7,3,13,1,62,35,0,0,4,49.0,1,2,0,50,0.16,True,False,92.0,6
Bad,64,165,1,71,15,1,1,83,4,6,3,20,2,33,35,3,3,57,,4,1,2,45,0.4901960784313725,True,True,75.0,9
Good,78,267,22,173,13,0,0,92,72,7,6,14,0,8,35,0,0,71,,2,1,1,50,0.16,True,False,93.0,7
Bad,68,105,11,58,13,0,0,57,5,6,6,14,1,86,0,0,0,60,58.0,2,2,0,100,0.4901960784313725,True,True,93.0,14
Bad,63,150,3,50,29,3,3,91,75,7,3,32,4,75,35,6,6,33,90.0,1,7,1,73,0.16,True,False,91.0,23
Bad,71,227,7,81,24,1,0,80,3,5,5,25,3,8,0,1,1,4,89.0,2,2,0,33,0.4901960784313725,True,True,96.0,8
Bad,74,385,2,72,35,1,1,95,69,7,4,37,6,49,3,1,1,34,95.0,3,5,0,75,0.16,True,False,95.0,27
Good,84,433,5,136,21,0,0,100,122,7,7,24,1,33,0,0,0,47,87.0,2,3,0,50,0.16,False,False,88.0,12
Good,72,348,4,100,28,0,0,93,27,7,6,28,1,21,3,1,1,40,,14,1,1,100,0.16,True,False,100.0,28
Good,82,73,12,57,8,0,0,100,122,7,7,8,0,25,0,1,1,4,,2,1,1,60,0.16,False,False,100.0,4
Good,91,359,62,188,11,0,0,100,122,7,7,11,0,18,35,0,0,5,,3,1,0,67,0.16,False,False,100.0,7
Good,84,170,25,87,10,0,0,100,122,7,7,10,0,50,0,2,2,10,,2,2,0,67,0.16,False,False,100.0,6
Good,81,88,17,43,9,0,0,100,122,7,7,9,0,67,0,0,0,20,74.0,1,3,0,67,0.16,False,False,100.0,6
Bad,65,249,2,70,32,1,1,94,14,7,6,33,2,18,35,2,2,48,,8,1,1,45,0.16,True,False,97.0,14
Good,77,345,5,108,23,0,0,91,54,7,6,28,2,22,0,1,1,35,,3,1,1,36,0.16,True,False,82.0,10
Bad,73,132,9,47,4,0,0,100,122,7,7,4,1,75,35,0,0,94,,1,1,1,100,0.16,False,False,100.0,4
Good,88,441,18,113,17,0,0,100,122,7,7,19,0,17,22,0,0,0,,1,2,0,43,0.16,False,False,89.0,8
Bad,65,483,0,84,35,0,0,97,41,7,6,38,5,21,0,4,4,42,21.0,9,2,1,65,0.16,True,False,92.0,24
Good,88,205,15,83,14,0,0,100,122,7,7,14,0,36,14,0,0,1,60.0,1,2,0,50,0.16,False,False,100.0,7
Good,78,253,0,110,37,0,0,100,122,7,7,39,3,18,1,1,1,21,52.0,13,2,0,59,0.16,False,False,95.0,23
Bad,73,217,22,87,34,0,0,100,122,7,7,36,0,17,0,1,1,91,,7,2,3,100,0.16,False,False,94.0,36
Good,55,115,12,60,8,2,2,62,1,2,2,13,0,31,0,0,0,13,0.0,1,2,0,60,0.4901960784313725,True,True,62.0,7
Good,67,235,5,92,27,0,0,100,122,7,7,27,2,26,13,0,0,53,84.0,8,3,2,65,0.16,False,False,100.0,17
Bad,68,126,8,58,15,0,0,63,16,7,6,16,1,44,7,0,0,47,68.0,1,5,1,55,0.16,True,False,94.0,8
Good,85,141,6,78,10,0,0,91,77,7,6,12,1,27,0,3,3,1,,1,1,0,50,0.16,True,False,83.0,6
Bad,80,61,8,37,8,0,0,100,122,7,7,8,1,13,1,2,2,0,,1,2,0,50,0.16,False,False,100.0,4
Good,70,118,7,45,17,0,0,88,11,6,6,17,4,35,0,0,0,15,,1,1,0,29,0.4901960784313725,True,True,100.0,4
Bad,74,193,1,91,19,0,0,100,122,7,7,22,2,18,35,1,1,90,79.0,6,2,4,73,0.16,False,False,86.0,16
Good,65,145,1,51,7,3,2,80,58,7,2,15,2,50,35,1,1,43,61.0,3,2,0,100,0.16,True,False,47.0,15
Good,75,162,8,93,18,1,1,95,25,7,2,19,1,26,0,0,0,19,82.0,4,3,0,78,0.16,True,False,95.0,14
Bad,64,153,8,55,8,2,2,78,7,6,4,9,2,22,0,0,0,28,,4,1,0,71,0.4901960784313725,True,True,89.0,6
Good,68,110,5,48,14,0,0,71,23,7,6,14,1,43,0,1,1,30,78.0,3,2,1,83,0.16,True,False,100.0,11
Good,64,216,2,86,18,5,1,60,42,7,4,25,2,36,0,4,3,40,58.0,1,4,1,60,0.16,True,False,72.0,15
Bad,57,338,3,63,13,2,1,67,13,7,5,17,1,60,1,2,2,55,90.0,1,4,1,56,0.16,True,False,76.0,9
Bad,70,294,4,98,29,0,0,91,8,6,6,32,1,53,0,2,2,30,,4,2,1,86,0.4901960784313725,True,True,91.0,27
Good,84,98,35,68,7,0,0,100,122,7,7,7,0,29,0,0,0,12,,2,1,0,75,0.16,False,False,100.0,5
Bad,61,308,12,95,30,0,0,91,2,6,6,32,0,13,0,4,3,81,,7,2,2,82,0.4901960784313725,True,True,94.0,26
Bad,49,178,13,91,10,6,1,56,3,5,5,17,0,56,0,2,2,65,45.0,3,4,1,100,0.4901960784313725,True,True,59.0,17
Bad,59,28,5,15,11,0,0,100,122,7,7,11,3,64,0,0,0,106,98.0,2,3,1,100,0.16,False,False,100.0,11
Bad,70,165,15,90,26,1,1,87,15,7,6,31,0,81,35,0,0,19,51.0,1,4,1,100,0.16,True,False,84.0,31
Good,89,200,1,69,15,0,0,100,122,7,7,18,1,28,0,1,1,3,,2,1,0,75,0.16,False,False,83.0,13
Good,73,178,1,66,9,2,2,92,56,7,2,13,2,54,0,2,2,40,76.0,1,3,0,83,0.16,True,False,69.0,10
Good,74,152,10,91,25,0,0,100,122,7,7,25,1,36,21,0,0,29,49.0,5,3,1,80,0.16,False,False,100.0,20
Bad,72,261,27,131,16,1,1,94,13,7,6,16,0,25,35,0,0,11,,1,1,0,29,0.16,True,False,100.0,4
Bad,61,246,20,95,18,2,2,86,11,6,4,21,0,38,0,1,1,62,,5,1,2,88,0.4901960784313725,True,True,86.0,18
Bad,56,82,5,37,29,0,0,93,17,7,6,30,3,57,0,1,1,43,85.0,5,3,2,73,0.16,True,False,97.0,21
Bad,79,161,5,85,7,0,0,100,122,7,7,9,2,78,0,3,3,14,,2,1,0,100,0.16,False,False,78.0,9
Bad,71,243,2,65,29,0,0,97,5,6,6,30,6,10,35,0,0,4,95.0,5,2,0,47,0.4901960784313725,True,True,97.0,14
Bad,73,325,40,144,12,0,0,100,122,7,7,12,0,17,0,0,0,97,94.0,9,1,6,100,0.16,False,False,100.0,12
Bad,70,228,2,49,11,0,0,100,122,7,7,12,2,0,8,0,0,57,,9,2,6,90,0.16,False,False,92.0,10
Good,89,328,17,132,34,0,0,97,41,7,6,35,0,14,0,0,0,1,,3,2,0,31,0.16,True,False,97.0,10
Good,86,193,8,73,25,0,0,100,122,7,7,25,3,32,35,1,1,3,,3,1,0,50,0.16,False,False,100.0,12
Good,86,326,6,90,32,0,0,100,122,7,7,37,2,51,0,0,0,4,80.0,4,3,1,64,0.16,False,False,86.0,23
Bad,47,204,16,100,25,2,2,89,1,2,6,28,0,21,35,1,0,76,,9,1,3,85,0.4901960784313725,True,True,89.0,23
Good,88,182,1,77,15,0,0,100,122,7,7,16,1,38,2,1,1,2,16.0,3,2,0,63,0.16,False,False,94.0,10
Good,62,21,12,17,4,0,0,100,122,7,7,4,0,50,0,4,3,120,83.0,1,2,1,75,0.16,False,False,100.0,3
Bad,72,123,7,56,27,0,0,96,35,7,6,27,1,30,0,2,2,36,73.0,7,4,2,65,0.16,True,False,100.0,17
Good,61,75,0,35,30,0,0,100,122,7,7,37,6,15,10,0,0,77,47.0,11,4,8,76,0.16,False,False,81.0,28
Good,86,137,2,75,24,0,0,100,122,7,7,25,2,36,0,3,3,7,73.0,2,2,0,50,0.16,False,False,96.0,12
Bad,61,112,3,32,29,0,0,100,122,7,7,31,7,77,0,5,5,88,82.0,7,4,3,100,0.16,False,False,94.0,31
Bad,78,182,5,63,22,0,0,91,60,7,6,22,1,36,35,2,2,21,95.0,2,2,1,100,0.16,True,False,100.0,22
Good,62,208,4,118,16,1,0,89,1,6,5,18,2,33,0,1,1,69,66.0,6,4,3,100,0.4901960784313725,True,True,89.0,18
Bad,75,262,6,93,12,0,0,100,122,7,7,13,2,62,0,2,2,76,93.0,3,2,2,100,0.16,False,False,92.0,13
Bad,56,153,18,80,17,0,0,95,1,6,6,20,0,45,17,0,0,82,,2,1,2,75,0.4901960784313725,True,True,85.0,15
Bad,54,266,5,99,54,0,0,96,11,6,6,56,2,43,2,3,3,58,67.0,12,6,3,69,0.4901960784313725,True,True,96.0,38
Bad,63,184,2,51,11,2,2,88,1,2,2,16,4,50,35,3,3,12,87.0,1,4,0,56,0.4901960784313725,True,True,69.0,8
Bad,68,199,2,90,28,0,0,97,54,7,6,29,3,34,1,1,1,60,42.0,4,2,2,67,0.16,True,False,97.0,19
Good,74,192,9,77,28,0,0,100,122,7,7,28,3,11,35,0,0,26,,5,1,1,60,0.16,False,False,100.0,16
Bad,64,187,16,85,16,0,0,78,4,6,6,18,0,17,0,0,0,52,,6,1,2,64,0.4901960784313725,True,True,89.0,11
Good,62,89,22,61,24,0,0,92,31,7,6,25,0,36,11,0,0,70,,4,1,2,63,0.16,True,False,96.0,15
Good,81,156,1,77,31,0,0,100,122,7,7,37,2,39,0,4,4,13,,1,2,0,33,0.16,False,False,84.0,12
Bad,55,161,24,80,14,1,1,69,1,6,3,21,0,31,2,1,1,86,36.0,3,2,2,100,0.4901960784313725,True,True,67.0,21
Good,65,184,7,77,24,2,2,88,4,6,2,27,1,46,0,2,2,19,80.0,1,3,0,44,0.4901960784313725,True,True,89.0,11
Good,72,120,5,46,38,0,0,100,122,7,7,38,5,24,0,2,2,59,78.0,5,4,4,56,0.16,False,False,100.0,21
Good,77,100,5,38,15,0,0,93,34,7,6,15,1,27,0,6,6,10,,3,1,0,57,0.16,True,False,100.0,8
Bad,70,396,3,134,33,0,0,91,46,7,6,45,2,26,35,5,5,59,39.0,6,2,2,50,0.16,True,False,73.0,22
Bad,70,153,11,85,9,1,0,80,26,7,5,10,1,50,35,0,0,68,74.0,2,2,2,67,0.16,True,False,90.0,6
Good,82,182,6,106,10,0,0,100,122,7,7,10,1,30,0,0,0,65,,2,2,0,80,0.16,False,False,100.0,8
Bad,57,220,3,73,31,0,0,94,1,6,6,35,2,54,3,1,1,81,,7,1,3,80,0.4901960784313725,True,True,89.0,28
Good,72,140,3,80,27,0,0,96,66,7,6,27,3,44,35,0,0,22,39.0,5,4,1,75,0.16,True,False,100.0,20
Bad,65,519,7,87,22,0,0,92,8,6,6,24,1,33,1,2,2,65,,4,1,1,83,0.4901960784313725,True,True,92.0,19
Good,72,228,1,69,15,0,0,100,122,7,7,16,2,38,0,2,2,63,70.0,5,2,2,78,0.16,False,False,94.0,12
Good,65,206,14,76,25,5,5,88,6,6,6,26,0,69,0,1,1,76,82.0,2,3,1,100,0.4901960784313725,True,True,96.0,26
Bad,82,317,28,133,15,0,0,100,122,7,7,15,0,47,0,1,1,19,5.0,1,2,0,50,0.16,False,False,100.0,7
Good,76,284,7,92,13,1,1,93,66,7,3,15,1,43,4,1,1,27,20.0,1,3,0,100,0.16,True,False,87.0,15
Bad,64,144,10,54,19,0,0,85,4,6,6,21,1,55,0,2,2,44,44.0,5,3,0,89,0.4901960784313725,True,True,90.0,18
Bad,85,59,21,90,9,0,0,100,122,7,7,19,0,56,0,0,0,0,70.0,0,2,1,67,0.16,False,False,47.0,12
Good,72,400,3,104,38,0,0,100,122,7,7,39,5,18,0,0,0,37,3.0,9,2,3,63,0.16,False,False,97.0,24
Bad,71,132,2,53,10,1,0,85,23,7,5,13,2,46,0,1,1,36,85.0,4,2,1,100,0.16,True,False,77.0,13
Good,84,187,3,103,31,0,0,100,122,7,7,31,1,26,4,1,1,19,50.0,4,2,1,70,0.16,False,False,100.0,21
Good,81,356,13,116,28,0,0,100,122,7,7,31,0,24,35,0,0,34,,4,1,1,45,0.16,False,False,90.0,13
Bad,59,261,7,158,16,0,0,79,3,6,6,19,1,21,35,0,0,76,86.0,10,2,4,100,0.4901960784313725,True,True,84.0,19
Bad,62,188,8,74,28,1,1,96,4,6,6,28,2,21,0,4,4,62,85.0,6,1,2,78,0.4901960784313725,True,True,100.0,21
Good,82,401,10,161,13,0,0,93,3,6,6,14,3,14,0,0,0,5,,2,2,0,40,0.4901960784313725,True,True,93.0,5
Good,83,97,10,45,15,0,0,100,122,7,7,15,2,40,0,0,0,5,69.0,2,3,0,42,0.16,False,False,100.0,6
Bad,67,158,12,86,11,4,2,60,40,7,3,15,0,60,0,0,0,60,61.0,2,4,1,86,0.16,True,False,73.0,12
Good,73,166,1,54,21,0,0,100,122,7,7,26,5,69,0,1,1,70,90.0,4,12,2,94,0.16,False,False,81.0,24
Bad,74,185,7,79,25,0,0,100,122,7,7,25,3,44,0,1,1,47,93.0,7,3,2,67,0.16,False,False,100.0,16
Bad,66,502,4,145,34,0,0,97,36,7,6,37,4,27,4,3,3,80,53.0,17,3,12,83,0.16,True,False,92.0,30
Good,81,199,4,94,36,0,0,100,122,7,7,36,2,53,0,4,4,9,11.0,2,7,0,50,0.16,False,False,100.0,18
Good,76,93,3,52,35,0,0,100,122,7,7,35,4,40,2,3,3,12,98.0,5,4,0,60,0.16,False,False,100.0,21
Bad,92,474,57,258,8,0,0,100,122,7,7,8,0,0,2,1,1,1,,3,2,0,50,0.16,False,False,100.0,4
Bad,54,316,15,116,16,3,1,57,3,4,4,21,0,14,0,2,2,28,,4,2,0,50,0.4901960784313725,True,True,76.0,10
Good,73,233,2,93,29,1,1,94,14,7,4,33,3,33,1,2,2,2,75.0,1,4,0,40,0.16,True,False,88.0,13
Bad,71,209,7,88,35,0,0,91,19,7,6,35,3,34,35,0,0,38,61.0,6,7,0,87,0.16,True,False,100.0,30
Good,82,336,33,142,15,0,0,100,122,7,7,15,0,13,0,1,1,29,,4,2,1,57,0.16,False,False,100.0,8
Bad,63,38,6,22,13,0,0,100,122,7,7,13,2,23,35,0,0,78,44.0,9,3,3,100,0.16,False,False,100.0,13
Good,86,194,13,73,8,0,0,100,122,7,7,8,0,75,0,0,0,6,14.0,2,2,0,100,0.16,False,False,100.0,8
Bad,58,71,8,36,9,0,0,78,2,6,6,9,1,67,0,3,3,93,82.0,1,2,1,100,0.4901960784313725,True,True,100.0,9
Bad,58,163,6,101,20,3,1,71,16,7,5,24,2,29,2,4,4,86,,5,2,2,67,0.16,True,False,83.0,16
Bad,71,250,3,72,12,3,3,73,63,7,3,15,2,47,0,2,2,29,73.0,2,3,0,83,0.16,True,False,80.0,12
Bad,73,139,16,61,14,0,0,100,122,7,7,14,0,14,0,3,3,59,66.0,6,1,2,78,0.16,False,False,100.0,10
Bad,63,163,7,42,17,1,1,89,25,7,2,20,3,44,35,0,0,58,87.0,4,4,2,100,0.16,True,False,85.0,20
Good,71,59,4,33,17,0,0,100,122,7,7,18,2,41,4,2,2,63,31.0,3,2,2,56,0.16,False,False,94.0,10
Bad,65,90,7,37,12,2,2,92,51,7,4,14,4,38,0,3,3,82,95.0,4,4,2,100,0.16,True,False,86.0,14
Bad,88,188,17,107,9,0,0,100,122,7,7,16,0,33,35,0,0,0,69.0,1,2,0,57,0.16,False,False,56.0,9
Bad,73,201,16,108,13,0,0,93,12,7,6,14,0,21,0,0,0,47,77.0,6,2,1,89,0.16,True,False,93.0,12
Bad,59,243,11,79,38,1,1,76,7,6,6,43,1,50,0,1,1,63,78.0,7,4,4,86,0.4901960784313725,True,True,88.0,36
Bad,85,186,7,72,6,0,0,100,122,7,7,6,1,33,0,3,3,17,46.0,1,2,0,75,0.16,False,False,100.0,4
Bad,67,117,7,48,16,1,1,90,56,7,2,21,2,48,0,1,1,53,78.0,4,4,3,89,0.16,True,False,76.0,18
Good,74,151,13,66,45,0,0,100,122,7,7,46,0,9,0,0,0,19,,7,1,3,50,0.16,False,False,98.0,23
Good,74,148,9,89,17,1,1,95,50,7,2,19,1,47,0,2,1,12,,1,1,0,40,0.16,True,False,89.0,7
Bad,79,102,5,34,14,0,0,100,122,7,7,14,3,43,0,2,2,0,0.0,0,2,1,50,0.16,False,False,100.0,7
Bad,65,208,3,84,20,0,0,85,18,7,6,20,3,20,0,0,0,55,92.0,8,2,2,67,0.16,True,False,100.0,13
Bad,83,196,17,84,6,0,0,100,122,7,7,7,0,0,35,0,0,14,,4,2,1,100,0.16,False,False,86.0,7
Good,88,496,95,184,12,0,0,100,122,7,7,12,0,25,0,0,0,5,,2,1,0,60,0.16,False,False,100.0,7
Good,85,282,17,89,13,0,0,100,122,7,7,13,0,46,23,0,0,16,53.0,3,2,1,71,0.16,False,False,100.0,9
Bad,71,124,7,53,12,1,1,92,37,7,2,14,1,64,0,1,1,43,34.0,2,3,1,75,0.16,True,False,86.0,10
Good,68,196,9,79,26,0,0,93,2,6,6,29,1,41,8,0,0,30,50.0,4,4,1,80,0.4901960784313725,True,True,90.0,23
Good,81,302,23,145,9,1,0,90,53,7,5,10,0,30,21,0,0,1,75.0,2,2,0,80,0.16,True,False,90.0,8
Bad,64,111,2,70,5,2,2,75,31,7,2,8,1,25,0,8,8,0,95.0,0,1,1,50,0.16,True,False,62.0,4
Good,79,209,29,100,22,0,0,100,122,7,7,22,0,36,0,0,0,56,38.0,4,2,2,60,0.16,False,False,100.0,13
Good,77,145,3,66,20,0,0,95,61,7,6,25,2,35,35,0,0,22,66.0,4,3,0,70,0.16,True,False,80.0,17
Good,59,162,5,85,19,0,0,85,2,6,6,20,2,35,0,0,0,89,,8,1,2,90,0.4901960784313725,True,True,95.0,18
Good,64,221,2,15,6,0,0,100,122,7,7,15,3,29,35,1,1,74,81.0,4,2,1,100,0.16,False,False,40.0,15
Bad,-9,173,2,59,74,3,3,99,8,2,2,77,9,25,0,10,9,22,97.0,7,4,4,62,0.4901960784313725,True,True,96.0,47
Bad,60,236,11,94,19,3,2,90,6,5,5,21,1,40,0,0,0,107,31.0,1,2,1,60,0.4901960784313725,True,True,90.0,12
Bad,57,137,3,56,16,1,1,71,17,7,6,18,2,41,0,0,0,81,99.0,5,3,1,89,0.16,True,False,89.0,16
Bad,68,103,5,47,36,0,0,100,122,7,7,36,3,31,35,1,1,80,80.0,8,4,5,71,0.16,False,False,100.0,25
Good,73,187,11,77,24,0,0,100,122,7,7,24,1,50,10,0,0,48,87.0,4,3,2,100,0.16,False,False,100.0,24
Bad,70,258,1,71,19,2,1,91,33,7,2,43,2,17,35,0,0,69,54.0,6,3,3,82,0.16,True,False,44.0,35
Bad,72,132,2,65,25,0,0,100,122,7,7,26,3,42,2,3,3,40,70.0,5,3,2,73,0.16,False,False,96.0,18
Bad,57,474,20,140,10,4,3,54,5,6,5,13,0,31,35,0,0,15,81.0,5,1,2,78,0.4901960784313725,True,True,77.0,10
Bad,59,208,18,88,28,0,0,96,22,7,6,28,0,25,0,1,1,82,76.0,7,2,6,83,0.16,True,False,100.0,23
Good,80,400,13,123,34,0,0,100,122,7,7,34,0,47,0,3,3,5,77.0,3,4,1,67,0.16,False,False,100.0,22
Good,84,350,18,98,19,0,0,100,122,7,7,20,0,25,0,0,0,14,24.0,8,3,0,85,0.16,False,False,95.0,17
Bad,75,117,7,54,13,1,1,86,13,7,4,15,2,21,4,4,2,0,46.0,2,3,1,83,0.16,True,False,87.0,12
Good,85,112,20,70,11,0,0,100,122,7,7,11,0,73,0,0,0,12,,1,1,0,100,0.16,False,False,100.0,11
Good,76,266,5,98,27,0,0,97,10,6,6,31,2,42,0,0,0,8,81.0,5,4,1,56,0.4901960784313725,True,True,87.0,17
Good,83,187,3,80,29,0,0,100,122,7,7,30,1,33,12,1,1,13,,3,1,2,50,0.16,False,False,97.0,15
Bad,80,88,2,50,20,0,0,95,39,7,6,22,2,48,21,0,0,13,55.0,4,3,0,70,0.16,True,False,91.0,15
Good,83,154,4,57,13,0,0,93,62,7,6,14,1,43,0,0,0,4,80.0,1,4,1,45,0.16,True,False,93.0,6
Good,84,401,13,128,32,0,0,100,122,7,7,35,0,45,13,0,0,15,58.0,5,3,0,62,0.16,False,False,91.0,21
Good,82,445,14,217,21,1,1,95,22,7,3,27,0,14,23,0,0,5,,4,2,0,33,0.16,True,False,78.0,8
Bad,66,185,8,42,10,0,0,100,122,7,7,10,2,50,1,5,5,57,86.0,4,2,2,86,0.16,False,False,100.0,8
Good,65,137,6,76,22,6,2,73,12,7,4,30,1,60,1,2,2,45,55.0,3,4,0,100,0.16,True,False,73.0,30
Good,80,456,5,115,19,0,0,100,122,7,7,21,3,29,7,1,0,30,85.0,3,2,1,63,0.16,False,False,90.0,13
Bad,86,176,13,67,21,0,0,100,122,7,7,22,0,41,0,1,1,12,79.0,3,2,0,100,0.16,False,False,95.0,22
Bad,65,256,3,96,42,0,0,91,26,7,6,46,3,30,3,1,1,56,88.0,11,3,2,67,0.16,True,False,91.0,30
Bad,59,324,2,138,24,0,0,85,5,6,6,27,1,26,0,1,1,68,,7,1,3,90,0.4901960784313725,True,True,89.0,24
Good,81,311,6,80,22,0,0,100,122,7,7,23,1,9,0,0,0,24,,5,1,1,67,0.16,False,False,96.0,15
Bad,70,45,3,27,3,0,0,100,122,7,7,4,1,67,0,1,1,55,45.0,1,1,0,100,0.16,False,False,75.0,4
Good,83,165,7,92,33,0,0,100,122,7,7,50,1,68,0,1,1,16,85.0,3,6,0,69,0.16,False,False,66.0,34
Good,66,233,7,82,8,1,1,78,4,4,4,9,2,22,0,0,0,0,,0,2,0,60,0.4901960784313725,True,True,89.0,5
Bad,54,68,7,23,5,0,0,83,3,6,6,6,3,33,0,0,0,66,81.0,3,2,1,83,0.4901960784313725,True,True,83.0,4
Good,71,395,18,150,22,0,0,91,17,7,6,22,0,18,0,0,0,60,50.0,5,2,2,64,0.16,True,False,100.0,14
Good,84,132,6,74,17,0,0,100,122,7,7,17,1,41,0,0,0,45,35.0,3,2,0,63,0.16,False,False,100.0,10
Bad,76,94,2,36,8,0,0,100,122,7,7,9,3,56,0,1,1,35,96.0,1,2,0,60,0.16,False,False,89.0,5
Bad,63,232,11,78,34,0,0,97,10,6,6,36,2,14,20,0,0,75,83.0,9,2,5,65,0.4901960784313725,True,True,94.0,23
Good,72,131,7,57,24,0,0,100,122,7,7,24,2,25,0,0,0,28,42.0,6,2,2,50,0.16,False,False,100.0,12
Good,80,136,15,63,11,0,0,91,21,7,6,11,0,36,35,1,1,19,54.0,2,3,0,71,0.16,True,False,100.0,7
Good,63,309,36,112,17,2,1,68,7,4,4,19,0,16,0,1,1,54,,5,1,2,67,0.4901960784313725,True,True,89.0,12
Bad,61,102,8,57,5,2,1,71,23,7,3,7,2,14,0,0,0,97,,3,1,1,80,0.16,True,False,71.0,5
Bad,68,46,12,31,11,0,0,91,13,7,6,11,0,36,0,0,0,33,56.0,4,2,0,86,0.16,True,False,100.0,9
Bad,77,324,7,76,31,0,0,100,122,7,7,31,5,35,1,3,3,0,65.0,0,2,0,33,0.16,False,False,100.0,10
Good,70,272,1,77,28,0,0,100,122,7,7,29,5,28,0,3,3,63,90.0,1,2,1,31,0.16,False,False,97.0,8
Good,85,175,9,79,21,0,0,100,122,7,7,21,1,10,1,2,2,8,,1,1,0,25,0.16,False,False,100.0,5
Good,76,125,8,67,11,0,0,100,122,7,7,12,2,42,35,2,2,59,,2,1,0,100,0.16,False,False,92.0,12
Bad,68,259,9,88,21,4,1,77,15,7,3,26,1,38,0,18,18,27,80.0,2,3,1,56,0.16,True,False,81.0,14
Good,65,150,5,47,24,1,1,84,11,6,3,36,1,28,0,2,2,51,93.0,7,2,1,69,0.4901960784313725,True,True,67.0,24
Bad,63,293,6,91,30,1,0,90,25,7,5,33,3,16,4,2,2,70,,11,2,5,72,0.16,True,False,91.0,23
Bad,58,22,2,8,4,0,0,100,122,7,7,6,5,50,35,2,2,101,76.0,1,3,1,100,0.16,False,False,67.0,6
Good,87,185,3,80,22,0,0,100,122,7,7,25,2,40,3,1,1,17,27.0,2,2,0,50,0.16,False,False,88.0,12
Bad,63,291,9,88,25,0,0,84,3,6,6,25,2,32,0,0,0,30,73.0,7,2,1,82,0.4901960784313725,True,True,100.0,20
Good,80,149,3,52,16,0,0,100,122,7,7,16,2,63,0,1,1,26,83.0,1,4,0,83,0.16,False,False,100.0,13
Good,66,128,7,63,48,1,0,93,23,7,5,55,6,40,1,2,1,39,77.0,7,2,1,77,0.16,True,False,87.0,42
Bad,77,269,15,54,10,0,0,100,122,7,7,11,0,60,0,1,1,27,75.0,2,2,1,80,0.16,False,False,91.0,8
Good,66,256,9,76,32,0,0,97,16,7,6,33,1,30,0,0,0,34,60.0,6,3,3,45,0.16,True,False,97.0,14
Bad,58,92,7,34,11,0,0,92,50,7,6,12,1,58,0,1,1,70,78.0,2,3,1,83,0.16,True,False,92.0,9
Bad,74,167,13,81,9,1,1,90,55,7,2,10,0,50,1,3,3,59,84.0,1,2,1,75,0.16,True,False,90.0,7
Bad,78,340,8,106,25,0,0,96,7,6,6,25,1,56,4,1,1,6,77.0,2,3,0,56,0.4901960784313725,True,True,100.0,14
Good,60,511,3,40,24,0,0,83,6,6,6,37,3,33,0,2,2,50,44.0,4,3,1,54,0.4901960784313725,True,True,65.0,19
Good,88,211,20,103,13,0,0,100,122,7,7,14,0,57,35,0,0,0,19.0,2,3,0,71,0.16,False,False,93.0,9
Good,86,279,9,115,16,0,0,94,59,7,6,16,1,13,0,3,3,5,,1,2,0,20,0.16,True,False,100.0,3
Bad,80,318,4,74,22,0,0,100,122,7,7,22,5,77,0,8,8,7,91.0,2,3,0,83,0.16,False,False,100.0,18
Good,89,210,5,96,23,0,0,100,122,7,7,24,1,21,15,0,0,3,,4,1,0,56,0.16,False,False,96.0,13
Good,66,129,4,53,18,0,0,100,122,7,7,18,1,61,1,5,5,93,40.0,3,4,1,100,0.16,False,False,100.0,18
Good,81,297,40,117,4,0,0,100,122,7,7,5,0,40,0,0,0,28,,3,1,1,100,0.16,False,False,80.0,5
Good,88,270,34,118,25,0,0,100,122,7,7,29,0,52,0,1,1,0,51.0,0,4,1,57,0.16,False,False,86.0,16
Bad,68,117,8,60,31,0,0,100,122,7,7,31,1,42,0,2,2,68,76.0,6,7,1,100,0.16,False,False,100.0,31
Bad,63,163,6,68,35,1,0,86,0,5,5,37,2,27,2,1,1,18,80.0,6,2,1,64,0.4901960784313725,True,True,95.0,23
Good,82,589,3,213,6,0,0,100,122,7,7,6,2,17,0,1,1,30,,3,2,1,60,0.16,False,False,100.0,3
Bad,65,123,2,53,29,4,1,83,11,6,2,36,2,33,35,0,0,15,,5,2,0,50,0.4901960784313725,True,True,81.0,18
Good,78,92,7,35,13,0,0,100,122,7,7,13,1,8,7,0,0,19,,5,1,0,55,0.16,False,False,100.0,7
Bad,75,217,1,74,41,1,1,91,13,7,4,43,5,33,0,4,3,7,88.0,3,4,0,30,0.16,True,False,95.0,12
Bad,66,328,4,104,20,1,1,81,4,6,4,21,1,29,0,0,0,54,25.0,5,2,3,70,0.4901960784313725,True,True,95.0,14
Good,83,417,22,113,22,0,0,100,122,7,7,22,0,27,22,0,0,44,,2,1,0,60,0.16,False,False,100.0,13
Good,68,224,9,110,24,5,5,86,25,7,2,29,1,31,35,5,5,5,73.0,2,2,1,71,0.16,True,False,83.0,20
Bad,71,161,3,42,27,0,0,100,122,7,7,39,1,22,17,0,0,59,,4,3,3,62,0.16,False,False,69.0,24
Good,67,404,19,133,17,0,0,100,122,7,7,18,0,50,0,1,1,81,76.0,4,3,3,100,0.16,False,False,94.0,18
Good,84,172,8,83,20,0,0,100,122,7,7,22,1,14,0,1,1,6,,3,1,0,67,0.16,False,False,91.0,14
Bad,63,76,9,31,4,1,1,80,49,7,4,5,1,20,0,1,1,84,,4,2,3,100,0.16,True,False,80.0,5
Good,66,332,4,134,12,4,4,79,72,7,2,14,2,43,8,0,0,47,96.0,4,3,1,100,0.16,True,False,86.0,14
Bad,75,169,7,45,27,0,0,100,122,7,7,29,1,21,15,0,0,36,43.0,6,3,1,53,0.16,False,False,93.0,15
Good,90,177,23,112,10,0,0,100,122,7,7,10,0,20,0,0,0,0,,2,2,0,67,0.16,False,False,100.0,6
Bad,64,177,9,73,31,1,0,85,2,6,5,34,3,62,0,0,0,5,5.0,3,4,0,64,0.4901960784313725,True,True,91.0,21
Bad,68,263,13,99,28,0,0,93,29,7,6,34,0,23,2,1,1,68,82.0,12,3,5,88,0.16,True,False,82.0,29
Good,70,335,3,105,35,2,2,87,34,7,4,39,5,33,0,2,2,27,6.0,10,3,1,88,0.16,True,False,90.0,34
Bad,68,142,3,66,37,2,2,90,19,7,3,40,3,23,35,2,2,24,37.0,4,4,0,53,0.16,True,False,92.0,21
Good,61,195,9,88,19,0,0,95,2,6,6,20,1,32,1,1,1,59,91.0,3,2,2,67,0.4901960784313725,True,True,95.0,13
Bad,86,269,16,97,22,0,0,100,122,7,7,22,0,32,0,4,4,0,,2,2,1,33,0.16,False,False,100.0,7
Good,75,176,7,97,32,0,0,100,122,7,7,34,3,21,35,0,0,17,67.0,9,2,1,67,0.16,False,False,94.0,22
Bad,65,196,1,54,40,0,0,100,122,7,7,41,3,22,0,4,3,36,71.0,12,3,2,63,0.16,False,False,98.0,25
Bad,63,149,7,64,22,2,0,85,6,5,5,26,3,54,0,2,2,25,97.0,1,4,1,63,0.4901960784313725,True,True,85.0,16
Bad,59,123,4,66,32,1,1,88,6,6,6,32,2,31,35,0,0,36,76.0,5,4,2,56,0.4901960784313725,True,True,100.0,17
Good,85,186,18,75,23,0,0,100,122,7,7,25,0,32,2,1,1,1,,2,2,1,57,0.16,False,False,92.0,14
Good,79,171,34,95,6,0,0,100,122,7,7,6,0,67,6,0,0,28,,3,1,1,100,0.16,False,False,100.0,6
Good,91,242,38,116,20,0,0,100,122,7,7,20,0,30,0,0,0,4,,3,2,0,50,0.16,False,False,100.0,10
Bad,60,86,1,35,14,0,0,94,35,7,6,16,3,38,35,4,4,101,79.0,3,4,1,100,0.16,True,False,88.0,16
Good,68,222,2,93,32,0,0,97,16,7,6,37,1,35,0,2,2,62,,5,1,2,60,0.16,True,False,86.0,22
Bad,72,232,5,77,21,0,0,91,5,6,6,22,3,32,0,0,0,20,85.0,2,2,0,36,0.4901960784313725,True,True,95.0,7
Good,89,199,11,81,15,0,0,100,122,7,7,15,2,40,0,0,0,6,,3,1,0,57,0.16,False,False,100.0,8
Good,81,187,4,90,22,0,0,100,122,7,7,22,2,32,0,0,0,29,81.0,4,2,0,60,0.16,False,False,100.0,13
Good,79,120,2,43,13,0,0,100,122,7,7,14,5,7,4,2,1,15,,4,2,0,44,0.16,False,False,93.0,6
Bad,56,255,4,101,27,0,0,76,1,6,6,29,2,45,0,2,2,78,45.0,7,2,4,75,0.4901960784313725,True,True,93.0,21
Bad,57,104,5,52,26,0,0,88,5,6,6,26,3,31,0,3,3,36,58.0,10,2,1,86,0.4901960784313725,True,True,100.0,22
Bad,63,326,2,50,14,1,1,81,24,7,2,16,8,44,0,2,2,62,,3,1,2,50,0.16,True,False,88.0,8
Good,89,414,7,203,15,0,0,100,122,7,7,15,3,7,7,0,0,1,,3,1,0,45,0.16,False,False,100.0,6
Good,79,99,12,28,4,0,0,100,122,7,7,16,0,50,0,0,0,40,,1,2,0,50,0.16,False,False,25.0,8
Bad,63,32,4,20,5,0,0,80,17,7,6,5,1,20,35,2,2,83,33.0,1,1,1,60,0.16,True,False,100.0,3
Good,72,85,8,43,11,0,0,100,122,7,7,11,2,0,0,1,1,57,,3,2,2,33,0.16,False,False,100.0,3
Bad,47,247,13,88,25,2,2,70,0,2,2,30,0,30,35,2,2,94,85.0,6,2,2,80,0.4901960784313725,True,True,83.0,24
Bad,69,112,2,43,5,0,0,100,122,7,7,7,2,43,35,1,1,37,58.0,3,2,0,83,0.16,False,False,71.0,5
Bad,70,115,3,48,18,0,0,95,61,7,6,19,2,26,35,5,5,72,50.0,3,3,1,86,0.16,True,False,95.0,16
Good,75,99,5,56,38,0,0,100,122,7,7,40,3,55,0,1,1,41,76.0,6,3,0,75,0.16,False,False,95.0,30
Bad,68,142,1,72,55,0,0,100,122,7,7,67,8,45,1,2,2,58,81.0,9,4,5,59,0.16,False,False,82.0,39
Good,89,464,4,185,15,0,0,100,122,7,7,15,1,13,0,0,0,9,94.0,6,1,0,78,0.16,False,False,100.0,11
Good,86,442,2,106,20,0,0,100,122,7,7,21,1,33,0,0,0,5,47.0,2,1,1,43,0.16,False,False,95.0,9
Good,85,143,26,79,26,0,0,100,122,7,7,27,0,15,0,2,2,3,,3,1,0,50,0.16,False,False,96.0,13
Good,80,162,4,61,39,0,0,98,74,7,6,45,4,12,8,0,0,11,,7,1,0,53,0.16,True,False,87.0,23
Bad,62,215,7,81,23,2,1,80,16,7,2,25,1,20,0,2,1,65,100.0,9,1,3,71,0.16,True,False,92.0,17
Good,81,181,1,74,13,0,0,93,19,7,6,14,1,29,35,3,3,11,48.0,2,1,0,60,0.16,True,False,93.0,8
Bad,62,250,2,91,15,2,2,72,7,6,2,33,1,44,35,0,0,62,,3,1,1,80,0.4901960784313725,True,True,45.0,26
Bad,74,150,3,88,21,1,1,88,7,6,2,24,1,25,35,1,1,1,,3,2,0,43,0.4901960784313725,True,True,88.0,10
Bad,71,381,3,86,38,0,0,100,122,7,7,39,3,18,0,3,2,35,53.0,8,3,3,65,0.16,False,False,97.0,25
Good,72,226,8,80,26,0,0,96,36,7,6,27,3,26,9,0,0,44,78.0,4,3,1,75,0.16,True,False,96.0,20
Bad,77,264,4,78,35,0,0,100,122,7,7,35,7,6,0,2,1,11,,6,2,2,47,0.16,False,False,100.0,16
Good,88,369,7,114,31,0,0,100,122,7,7,33,2,33,0,0,0,1,91.0,2,2,0,36,0.16,False,False,94.0,11
Bad,61,61,10,41,9,0,0,80,62,7,6,10,1,50,35,2,2,80,95.0,4,3,1,100,0.16,True,False,90.0,10
Bad,64,247,9,97,33,0,0,100,122,7,7,33,1,27,0,2,2,86,35.0,13,4,13,86,0.16,False,False,100.0,28
Good,82,247,1,90,25,0,0,100,122,7,7,29,2,24,35,0,0,29,,6,1,1,54,0.16,False,False,86.0,15
Good,63,223,4,71,19,1,0,75,17,7,5,20,1,55,0,1,1,48,53.0,5,5,3,91,0.16,True,False,95.0,18
Bad,66,288,10,77,27,0,0,96,26,7,6,44,1,44,12,0,0,72,86.0,7,2,3,100,0.16,True,False,61.0,44
Bad,61,184,20,120,27,0,0,87,3,6,6,30,0,57,35,2,2,41,,4,1,0,71,0.4901960784313725,True,True,90.0,21
